{"type":"Design","zone":null,"children":[{"type":"Page","properties":{"id":"page1"},"children":[{"type":"Header","zone":"top","properties":{"text":"RGB Slider"}},{"type":"Content","zone":"content","children":[{"type":"TextInput","properties":{"id":"text1","label":"WebSocket IP"}},{"type":"Slider","properties":{"id":"slider1","highlight":true,"value":0,"max":1023,"step":5,"label":"Red"}},{"type":"Slider","properties":{"label":"Green","value":0,"max":1023,"step":5,"highlight":true,"id":"slider2",oninput="showValueG(this.value)"}},{"type":"Slider","properties":{"label":"Blue","value":0,"max":1023,"step":5,"highlight":true,"id":"slider3"}},{"type":"Grid","properties":{"columns":3},"children":[{"type":"Block","children":[{"type":"Button","properties":{"id":"Blink","inline":true}}]},{"type":"Block","properties":{"subtype":"b"},"children":[{"type":"Button","properties":{"id":"Reset","inline":true}}]},{"type":"Block","properties":{"subtype":"c"},"children":[{"type":"Button","properties":{"id":"Rainbow","inline":true}}]}]}]},{"type":"Footer","zone":"bottom","properties":{"text":"Made by Amir Avni Using RIB: 01.org"}}]}],"pInfo":{"name":"RGB Slider","accessDate":1448727651009,"device":{"name":"Netbooks","screenWidth":895,"screenHeight":508,"rotating":false},"theme":"Default"}}